{"cameraMode":{"drawMode":0,"name":"Shaded","section":"Shading Mode"},"sceneLighting":true,"audioPlay":false,"sceneViewState":{"m_AlwaysRefresh":false,"showFog":true,"showSkybox":true,"showFlares":true,"showImageEffects":true,"showParticleSystems":true,"showVisualEffectGraphs":true,"m_FxEnabled":true},"in2DMode":false,"pivot":{"x":427.8775939941406,"y":200.82632446289063,"z":3.761861801147461},"rotation":{"x":0.05479254946112633,"y":-0.7240456342697144,"z":0.05791235715150833,"w":0.6851334571838379},"size":1.3538355827331544,"orthographic":false}